name,party,article_size,Ocak 2013,Şubat 2013,Mart 2013,Nisan 2013,Mayıs 2013,Haziran 2013,Temmuz 2013,Ağustos 2013,Eylül 2013,Ekim 2013,Kasım 2013,Aralık 2013,Ocak 2014,Şubat 2014,Mart 2014,Nisan 2014,Mayıs 2014,Haziran 2014,Temmuz 2014,Ağustos 2014,Eylül 2014,Ekim 2014,Kasım 2014,Aralık 2014,Ocak 2015,Şubat 2015,Mart 2015,Nisan 2015,Mayıs 2015,Haziran 2015,Temmuz 2015,Ağustos 2015,Eylül 2015,Ekim 2015,Kasım 2015,Aralık 2015,Ocak 2016,Şubat 2016,Mart 2016,Nisan 2016,Mayıs 2016,Haziran 2016,Temmuz 2016,Ağustos 2016,Eylül 2016,Ekim 2016,Kasım 2016,Aralık 2016,Ocak 2017,Şubat 2017,Mart 2017,Nisan 2017,Mayıs 2017,Haziran 2017,Temmuz 2017,Ağustos 2017,Eylül 2017,Ekim 2017,Kasım 2017,Aralık 2017,Ocak 2018,Şubat 2018,Mart 2018,Nisan 2018,Mayıs 2018,Haziran 2018,Temmuz 2018,Ağustos 2018,Eylül 2018,Ekim 2018,Kasım 2018,Aralık 2018,Ocak 2019,Şubat 2019,Mart 2019,Nisan 2019,Mayıs 2019,Haziran 2019,Temmuz 2019,Ağustos 2019,Eylül 2019,Ekim 2019,Kasım 2019,Aralık 2019,Ocak 2020,Şubat 2020,Mart 2020,Nisan 2020,Mayıs 2020,Haziran 2020,Temmuz 2020,Ağustos 2020,Eylül 2020,Ekim 2020,Kasım 2020,Aralık 2020,Ocak 2021,Şubat 2021,Mart 2021,Nisan 2021,Mayıs 2021,Haziran 2021,Temmuz 2021,Ağustos 2021,Eylül 2021,Ekim 2021,Kasım 2021,Aralık 2021,Ocak 2022,Şubat 2022,Mart 2022,Nisan 2022,Mayıs 2022,Haziran 2022,Temmuz 2022,Ağustos 2022,Eylül 2022,Ekim 2022,Kasım 2022,Aralık 2022,Ocak 2023,Şubat 2023,Mart 2023,Nisan 2023,Mayıs 2023,Haziran 2023,Temmuz 2023,Ağustos 2023,Eylül 2023,Ekim 2023,Kasım 2023,Aralık 2023,Ocak 2024,Şubat 2024,Mart 2024,Nisan 2024,Mayıs 2024,Haziran 2024,Temmuz 2024,Ağustos 2024,Eylül 2024,Ekim 2024,Kasım 2024,Aralık 2024
Recep_Tayyip_Erdoğan,adalet_ve_kalkınma_partisi,205724.0,0,0,0,0,0,0,0,190,-1501,849,28,-11956,286,5349,1494,-289,2056,1317,1779,335,350,126,916,1816,163,239,329,10039,1690,119,827,145,-6154,745,3258,-232,726,14673,149,1707,5820,20864,15000,-27,-12,147,-123,0,-4,314,4,2477,1561,2,-11,-559,-23,-27,-67,34,0,0,52,8,8,16,307,1493,46,-688,0,-78,17,-17,87,59,1,-1,0,-5,254,224,0,0,2,24001,33,224,80,21,851,623,42,7045,607,-30,-69,41,4172,24,224,113,670,3016,433,4107,1141,618,103,-17,769,747,619,42,21,-157,239,3518,666,7223,9456,266,13584,3757,12247,8014,1012,-2254,-51777,-1427,620,-134,-47,1,-156,850,21,294,0,0,0,0,0,0
Kemal_Kılıçdaroğlu,cumhuriyet_halk_partisi,130819.0,30,11,-455,-2,-4,293,0,-1,1,0,0,0,0,-42,-11,0,0,41,-78,40,848,20,0,469,-484,-16,51,-343,126,173,26,-6,25,-139,645,0,1395,40,1509,4768,47,3552,1001,1158,-68,1,1592,-2,-162,169,0,27,-15,0,20,29,-93,0,-130,19,0,0,-3,41,104,25,2471,38,0,-1,0,0,2,0,13,5460,0,8,0,0,0,0,0,22,0,35,248,1038,68,259,-8,21,-262,15157,149,-58,77,6,162,-26,39,331,5,1813,45,692,-3,2,-1390,-81,123,-75,7279,-3066,11,139,38106,5863,59,2226,13,2889,6347,-4171,12898,-1213,547,-1,-462,537,256,829,612,1044,0,-6,4,0,0,0,0,0,0,0
Binali_Yıldırım,adalet_ve_kalkınma_partisi,125429.0,252,0,2873,8,0,0,-46,0,0,-10,27,99,0,0,0,283,0,364,0,0,0,0,0,0,0,178,0,0,0,0,0,22,385,0,1527,181,537,-7,0,28,7086,30310,-3950,4738,31787,53,6778,122,-145,-2635,53,-13,558,35,-1,12,27,5,158,47,0,0,0,0,-4,49,897,31,16,18,0,1,0,797,7,907,147,334,0,0,-30,157,45,0,10,26511,37,140,252,101,125,-192,-97,879,-17,-8,367,-26,204,-3,478,0,-138,-712,-12,987,21,20,-1,-236,1842,0,744,262,1353,-23,0,-981,7,311,-2,-216,-307,444,-497,4,-82,0,70,3174,0,27,24,-3,57,0,-48,0,0,0,0,0,0,0
Devlet_Bahçeli,milliyetçi_hareket_partisi,106094.0,0,0,-116,0,-35,3,23,0,285,0,-31,25,24,0,97,0,-135,0,-6,-21,29,112,37,0,0,2,160,3,168,85,40,189,411,24,-68,-81,1,45,136,120,7,9928,28385,-16,-10,348,649,-43,276,149,-48,157,0,2,0,0,34,0,13,47,0,0,0,0,11,-13,36,-1,6,0,0,0,0,0,26,1130,0,10,0,0,0,563,0,0,0,0,280,1629,560,86,311,4,-141,1576,8,-8,0,-1,12,395,18112,6374,0,-15,0,22006,581,0,14,-54,267,0,7,0,93,92,0,232,0,650,526,216,921,71,165,886,67,0,-62,54,49,102,0,-5,396,116,18,0,0,0,0,0,0,0
Ali_Babacan,deva_partisi,85861.0,-699,1,-259,0,0,0,32,0,278,0,0,0,0,0,0,0,-4,0,0,71,0,0,-20,215,0,193,81,0,0,44,0,38,552,113,248,-7,0,172,81,-17,-12,303,0,0,-303,11,1367,-4,915,-1,0,0,0,0,0,9,0,0,-44,47,0,6,0,0,591,0,10,0,0,0,0,0,0,0,26,0,0,156,305,0,-34,0,0,0,46,1,1316,52,1476,175,-305,772,232,1592,94,49,-5,-14,-203,104,121,572,48,0,0,409,145,-36,-2,37,0,-406,778,0,6,117,0,595,496,273,44,-5,262,-869,943,144,45388,32,-3403,1307,-665,24037,-801,-2,-137,82,0,0,0,0,0,0,0,0
Ekrem_İmamoğlu,cumhuriyet_halk_partisi,80775.0,0,0,0,0,0,0,0,0,0,0,0,0,0,0,0,0,0,0,0,0,0,0,0,0,0,0,0,0,0,0,0,0,0,0,0,0,0,0,0,0,0,0,0,0,0,0,0,0,0,0,0,0,0,0,0,0,0,0,0,0,0,0,0,0,0,0,0,0,0,0,0,0,2997,0,39,6805,3499,3319,5580,-8,596,3694,194,0,158,3138,1716,2055,12760,7086,2357,653,-399,2191,673,2383,554,190,43,-17,-246,-1,-103,-570,123,8757,0,1140,5328,-22850,-17878,-300,64223,10098,6477,3367,809,-76391,46,4108,645,37,769,222,1076,344,462,-5,190,3915,129,21,271,534,784,6066,16918,4,0,0,0,0,0,0
Hulusi_Akar,adalet_ve_kalkınma_partisi,51972.0,0,0,0,0,0,0,0,2915,0,0,0,0,0,0,0,0,0,0,0,0,75,0,0,0,0,0,0,0,343,0,-343,2013,341,27,0,178,3538,2844,0,-42,1007,24,1037,-58,181,-19,13,-1,2,783,19,53,0,0,0,2,0,0,0,0,12,9,187,0,0,0,528,66,0,0,0,-43,0,0,0,14,0,0,0,0,0,0,0,290,0,553,16345,413,5,8187,20,-33,-6,1407,623,107,0,-13,23,591,-276,171,0,968,185,1274,97,0,-62,12,0,-6084,6092,137,-34,-69,-376,505,0,0,24,0,0,128,65,2099,1942,-4,8,835,63,8,-18,-17,48,0,34,0,0,0,0,0,0,0
Meral_Akşener,iyi_parti,47973.0,35,0,-67,0,-35,-18,60,0,1006,0,0,0,-2,101,1,39,0,46,0,0,0,0,0,0,0,322,0,0,0,144,94,-141,247,0,8,307,0,-1,710,-412,621,5230,169,92,-4815,2268,-114,1843,3203,111,49,81,-40,0,3,0,863,434,-153,60,42,0,1,-2,1243,6,0,0,0,0,0,0,18,0,13,0,0,0,0,0,51,0,0,-25,34,0,599,4,3820,767,0,948,-275,1651,31,452,-103,0,-2,1213,293,-112,38,164,558,3433,11,0,5,0,357,-30,214,0,621,-31,595,-3759,5,1528,1650,16,871,4,192,9868,789,-2,2,770,352,15,-244,4100,-1506,1265,437,0,0,0,0,0,0,0
Yunus_Emre,cumhuriyet_halk_partisi,47111.0,0,124,-349,24,4,125,83,39,-15,0,302,-1418,6829,358,-265,0,1290,0,0,102,-27,0,42,-10,-68,17,14,-115,2,0,10,0,-13,0,0,10,31,-14,35,0,206,8,-19,1762,0,53,4,2536,-2098,-446,1962,5482,-247,0,5,-1,0,0,1,11,0,0,-1,173,0,0,0,0,40,0,-15,0,22,11,0,0,0,0,0,-276,-81,25,0,0,0,10,338,183,-3,1,145,0,2,969,-7,2,-8,17,693,0,-34,-188,0,-1,0,223,296,-341,206,-230,2,1173,2,381,-16,17,0,0,4,-4,1,31,-14,25,0,-203,0,0,1037,-1018,0,0,38403,-40,-381,-21136,-911,0,0,0,0,0,0,0
Ahmet_Davutoğlu,gelecek_partisi,46134.0,-57,0,-748,0,0,0,0,94,-7,0,0,0,0,19,3,0,0,44,19,4195,856,7794,179,22,168,946,-56,-6,-558,858,250,147,43,241,1364,-2,-52,56,53,0,13204,393,-533,-38,4,1,24,0,136,-1,60,27,-48,0,0,61,0,25,-45,78,-236,0,-40,0,591,0,-61,0,-31,0,-4,0,2,36,26,-409,0,21,-292,75,376,13,0,408,50,126,874,1275,45,50,17,624,94,2305,-12,69,-24,5,0,-15,-4,54,-45,0,-16,2118,0,0,0,576,0,177,159,0,62,0,0,0,463,83,0,32,58,498,-364,395,-376,0,-306,163,10,96,-10,19,23,0,0,0,0,0,0,0,0,0
Deniz_Baykal,cumhuriyet_halk_partisi,40420.0,0,2,-374,85,0,529,-1423,0,0,0,0,0,-57,51,0,0,-7,0,8,-7,-499,0,0,0,0,486,0,18,-1,2026,587,0,779,-27,720,412,1848,0,0,0,122,3013,58,52,14,0,11,111,8,-2,6,28,-51,0,20,9,0,0,-70,47,-3,19,0,0,0,59,47,0,0,0,0,0,104,0,26,0,0,0,0,0,0,1255,0,6,0,2811,502,46,4,3,0,534,3,1433,24,138,59,23,0,0,-9,-30,0,0,-309,-291,-72,162,128,3931,826,1,62,-65,98,29,492,719,530,0,0,3117,-16,1911,136,592,118,0,404,0,31,96,91,9,143,108,-44,0,0,0,0,0,0,0
Ahmet_Kaya,cumhuriyet_halk_partisi,38295.0,4,1,-338,81,0,195,0,20,0,415,79,-526,-181,-172,0,4,-57,-28,0,0,10,23,215,6,-15,0,46,40,-32,31403,-31369,0,-328,0,194,6895,-54,64,-1,32,-16,0,20,0,21,-10,11,0,0,-107,10,0,0,0,0,9,0,9,0,28,406,0,0,0,0,0,0,56,0,0,57,0,24,-15,0,0,0,0,48,0,0,0,0,0,0,0,492,301,191,38,0,0,628,1140,-218,184,-66,4,117,-126,3583,-64,38,-2,0,47,0,71,10,-28,-43,31,0,-24,0,282,296,0,278,0,42,0,328,0,-3,0,305,83,0,262,-262,97,0,42,-38,0,-1,0,0,0,0,0,0,0
Özgür_Özel,cumhuriyet_halk_partisi,32692.0,0,0,0,2067,-486,0,0,0,0,0,0,0,35,0,0,0,301,51,425,0,46,0,0,0,0,0,851,0,0,221,0,0,0,8,105,0,0,0,0,0,0,0,1220,31,0,0,0,11,-31,0,0,0,0,0,20,0,0,400,-142,0,0,0,0,0,0,147,0,0,0,0,0,0,0,0,13,0,0,0,0,0,0,0,14,0,30,0,4,4,520,16,55,-36,0,1091,0,3,0,0,-150,6,0,0,23,0,0,0,0,13,0,0,-1,0,298,0,-8,110,0,6,0,0,138,0,292,0,46,1326,-812,300,854,18010,3972,24,140,12,253,243,599,63,0,0,0,0,0,0
Süleyman_Soylu,adalet_ve_kalkınma_partisi,31207.0,0,-113,10,156,0,3,-2,0,0,54,0,0,9,101,0,0,0,0,70,0,342,-343,0,0,0,0,0,97,49,2,272,-1,808,12,1451,0,0,0,17,1,21,312,225,1085,2684,-9,-32,4,-12,-1,0,0,-55,0,0,0,4,0,0,3582,0,0,15,0,8,0,382,-1,0,0,0,0,0,0,26,0,24,81,0,0,-319,0,0,0,0,0,209,2959,847,-362,0,901,-274,208,-263,52,0,-5,28,1399,2077,3773,-3324,-41,0,996,-9,0,0,20,0,0,652,0,0,2563,0,232,2,44,0,319,-136,187,-187,640,64,0,211,0,-73,-4,15,8,108,0,1,0,0,0,0,0,0,0
Ümit_Özdağ,zafer_partisi,29586.0,0,0,0,0,0,0,-2,0,0,0,0,0,17,0,20,-27,0,0,0,0,22,0,0,42,0,0,97,116,16,136,0,0,0,16,306,31,21,130,78,43,3151,1,0,0,49,0,1494,46,129,-1,0,0,-1,0,0,0,8,133,-43,47,0,2,15,0,0,110,-687,37,2,0,0,-15,0,0,31,0,23,142,0,-54,0,0,0,0,64,1,23,253,0,0,0,0,0,671,279,28,266,-64,1536,223,59,-313,13,1267,-910,918,0,129,150,9,5,495,2735,1633,290,870,281,412,-7,787,-2852,-16,1335,85,0,2694,2,-365,537,87,18,-440,70,0,905,909,2,0,0,0,0,0,0,0
Saffet_Sancaklı,milliyetçi_hareket_partisi,28752.0,0,0,-122,-4,0,0,0,0,84,2,0,120,62,34,244,0,0,54,460,0,0,0,0,38,0,0,0,392,0,153,0,-513,1407,32,423,-28,0,26,0,0,0,911,0,0,0,-27,315,0,-10,-5,0,36,-13,0,23,254,0,0,0,0,0,0,18,-16,30,53,43,62,0,0,0,0,0,0,0,0,0,0,0,0,56,0,0,0,86,0,84,40,0,13,0,0,1,2490,0,19,-13,0,0,0,0,0,0,98,0,0,39,176,0,0,0,0,0,85,-3,0,1,0,0,0,-3,0,0,0,53,0,50,0,0,103,-47,746,5,50,-42,479,2263,0,0,0,0,0,0,0
Barış_Atay,türkiye_i̇şçi_partisi,28529.0,1510,-1530,34,-34,0,59,0,0,0,0,141,17,0,0,-141,141,0,35,0,0,0,0,0,0,-166,0,0,0,0,0,0,12,0,0,0,8,-8,0,0,163,0,-20,93,0,18,-111,1914,27,1,0,0,-2,30,0,0,0,-1,0,-30,0,0,0,0,0,365,520,280,0,25,495,0,0,0,0,0,0,0,0,0,0,0,0,0,50,0,0,72,38,-107,0,-1,68,2698,0,0,9,169,-53,189,0,0,6,23,44,0,0,0,99,0,13,-43,0,408,-11,68,101,404,376,215,823,-546,363,7,691,473,11696,-4636,4674,245,12,2704,150,-4,199,0,196,1234,0,0,0,0,0,0,0
Numan_Kurtulmuş,adalet_ve_kalkınma_partisi,27953.0,0,0,-173,0,0,-60,-11,-2,20,54,0,0,0,0,0,0,0,0,0,792,48,0,0,0,15,0,165,-30,-17,130,38,67,-53,-63,547,759,-1,0,-12,-10,762,1314,1,79,-17,6,-70,2,-47,25,31,-41,41,0,690,0,43,18,-46,48,10,0,0,0,0,0,178,698,3,0,0,-30,0,6,26,-19,0,6,0,0,-33,-1,0,0,0,0,977,149,1,10,22,424,-61,929,17,20,0,0,57,-58,0,312,47,-32,0,0,0,0,-2,0,0,0,3,4401,0,180,48,130,0,104,0,-35,157,645,-144,594,90,60,0,14,0,54,69,15,48,41,21,0,0,0,0,0,0,0
Berat_Albayrak,adalet_ve_kalkınma_partisi,27898.0,69,0,0,0,14,65,0,0,0,1459,0,0,0,372,-372,0,0,0,0,0,0,0,0,0,0,0,0,170,5,57,0,0,1,0,1953,1370,94,0,0,40,719,10,-101,-478,23,0,11,0,-135,6,0,0,0,0,0,0,0,7,0,0,0,0,4,0,15,0,1448,217,11,0,0,0,0,0,26,65,0,-27,32,-6,0,0,0,0,0,5677,92,-12,-85,276,-528,-10,-55,2991,8132,256,-23,-18,33,57,-9,0,0,0,0,1770,-11,0,3,0,564,0,35,0,1,0,-46,-1,0,0,0,-12,29,0,-243,1,0,74,-1,0,0,0,47,0,109,0,0,-9,0,0,0,0,0,0
Mehmet_Şimşek,adalet_ve_kalkınma_partisi,26533.0,0,0,-139,15,0,-355,0,-305,220,326,22,0,0,0,0,0,2,0,0,43,0,0,0,1054,0,0,0,0,0,216,0,-284,252,-38,714,0,0,67,6363,1671,8049,-214,128,-93,0,0,-546,0,-32,229,0,0,0,14,0,0,0,0,0,47,0,-1,0,21,0,0,111,0,0,0,0,0,0,0,0,0,0,0,0,0,570,503,43,0,0,0,342,2365,-21,10,-660,-26,2,743,70,37,0,0,23,9,-9,-263,0,-83,0,0,0,0,0,0,5707,0,0,0,0,77,18,-8,-9329,-6,304,568,273,187,476,1566,-641,399,30,92,0,-34,0,45,174,381,56,0,0,0,0,0,0,0
Ahmet_Şık,türkiye_i̇şçi_partisi,24797.0,-2,0,0,-58,0,0,0,-27,0,0,1,0,0,0,0,0,-2,0,0,18,0,0,0,36,0,0,0,0,0,0,0,0,0,0,210,0,0,0,-11,0,13,0,0,0,0,0,300,186,2876,0,24,0,0,0,145,0,0,0,62,363,41,0,4789,0,364,687,368,0,-27,0,0,10,61,58,13,0,0,0,0,0,0,0,0,1,0,0,218,91,763,13,57,203,7,158,-6,44,0,0,0,809,0,-16,0,0,0,0,0,12,197,54,67,0,1606,383,0,0,441,0,0,0,0,0,189,-56,81,324,0,0,7,0,460,8,47,0,0,0,857,0,0,0,0,0,0,0
Mansur_Yavaş,cumhuriyet_halk_partisi,23842.0,0,4,0,0,-378,0,-593,0,18,0,0,907,0,3875,-3184,295,0,106,0,0,0,0,0,0,0,0,0,0,0,35,0,0,0,0,-38,0,-20,198,0,1088,-14,0,0,0,0,0,0,397,-33,0,159,0,0,0,0,0,0,0,55,47,65,0,18,0,8,0,0,0,0,0,0,39,-50,0,190,1117,-14,0,0,0,0,26,0,0,76,-5,232,395,1912,7,-65,107,-35,5734,12,692,92,-180,69,-5,52,26,0,2,4871,162,23,7,0,0,286,142,36,3862,73,0,622,505,135,-165,164,-8317,-2003,21084,-21047,1555,1835,4,1110,-55,0,-4,71,88,0,2409,-737,0,0,0,0,0,0,0
Yaşar_Güler,bağımsız,22470.0,0,0,0,0,0,0,0,0,0,0,0,0,0,0,0,0,0,0,0,0,3352,0,0,0,0,0,0,9,-35,0,0,0,0,0,0,0,35,267,487,0,0,-336,871,356,-2,0,0,0,0,0,0,0,0,0,0,299,214,0,0,0,60,3,-20,0,0,0,1819,0,0,0,0,0,0,0,13,0,0,0,0,0,0,0,0,0,0,0,67,0,0,54,2318,445,-23,0,0,-148,-65,60,18,-39,8,0,0,-526,1400,3395,-261,69,1444,21,1651,495,0,17,94,20,424,1179,0,0,14,-8,0,0,0,2142,8,10,-3,7,20,0,0,716,48,7,0,0,0,0,0,0,0,0
Garo_Paylan,halkların_demokratik_partisi,21581.0,0,0,0,0,0,0,0,0,0,0,0,0,0,0,0,0,0,0,0,0,0,0,0,0,0,0,0,0,0,0,3274,-36,0,4,120,0,0,-26,0,34,17,0,241,14,0,11,0,0,3535,-1,0,13,0,0,26,0,21,0,0,0,0,-10,0,0,0,112,0,0,0,0,0,14,2,0,13,0,11,0,0,0,0,0,0,1,0,0,18,82,0,15,0,0,144,1109,0,8,0,0,0,217,25,0,0,0,0,0,0,0,-1,0,0,81,208,0,0,0,0,0,-3,0,26,0,32,47,21,0,12226,1,0,0,0,0,-181,8,0,0,108,0,0,0,0,0,0,0
Leyla_Güven,halkların_demokratik_partisi,20337.0,0,0,0,0,0,0,0,0,0,0,0,0,0,0,0,0,0,0,0,0,0,0,0,0,0,0,0,0,0,0,0,0,0,0,0,0,0,0,0,0,0,0,0,0,0,0,0,0,0,0,0,0,0,0,0,0,0,0,0,0,0,0,0,0,0,0,0,0,0,0,0,0,0,0,0,0,0,0,0,0,0,0,0,0,0,0,0,0,0,2615,0,0,0,0,0,499,0,-15,1,0,0,0,0,0,16,-1,0,0,0,0,0,371,0,0,0,0,0,0,0,0,0,0,0,0,0,0,0,0,0,0,31,15,16320,0,0,372,113,0,0,0,0,0,0,0
Ünal_Karaman,i̇yi̇_parti,19836.0,236,0,-85,0,2,185,353,0,0,33,0,267,-126,0,0,0,0,0,518,0,0,0,0,72,0,0,0,0,0,407,0,-799,-239,5,117,78,-196,-82,0,0,0,0,299,0,-20,0,-73,0,-4,2,0,0,0,0,0,25,8,182,0,0,0,0,0,305,0,0,75,0,107,625,0,0,3,0,8,0,0,0,0,98,0,0,35,-141,227,8,358,0,4,0,305,41,0,946,0,-2,566,-41,0,181,0,0,0,51,-60,0,0,0,0,0,0,0,0,0,0,0,9,0,0,0,0,0,618,399,541,190,0,0,0,91,0,856,21,0,-1,-120,127,0,0,0,0,0,0,0
Alpay_Özalan,adalet_ve_kalkınma_partisi,19192.0,26,0,0,-607,0,0,0,0,106,0,0,0,0,0,187,0,-6,0,932,0,0,14,0,0,0,0,0,0,0,23,34,-75,8,0,-22,209,-5,-21,0,0,0,390,434,31,0,259,9,0,-47,5272,89,-11,0,0,45,43,12,81,0,0,2,0,0,0,30,0,500,0,0,0,7,0,4,0,0,-6,48,0,0,15,-16,86,0,0,0,0,33,0,0,6,44,0,0,0,8,0,0,0,1607,0,0,29,0,0,0,-2,3,91,0,1,0,0,992,39,0,-44,0,0,0,0,0,14,4,-45,52,209,0,73,-71,55,0,0,5,0,0,-7,-59,0,0,0,0,0,0,0
İsmet_Yılmaz,adalet_ve_kalkınma_partisi,18521.0,0,0,0,-23,0,0,0,0,64,0,34,2,0,0,2,0,0,0,0,-12,0,-5,31,0,0,0,0,134,0,767,1497,8,-241,183,684,8,0,347,83,-22,743,0,3028,65,210,0,0,204,112,-1,11,0,0,0,0,52,188,0,-86,0,0,0,0,0,0,-28,214,0,0,0,0,0,0,0,26,0,0,0,0,0,0,0,0,63,0,0,278,141,435,107,-54,-313,57,947,16,-19,0,0,298,-275,-30,0,0,-17,13,-45,531,0,-1,0,0,0,1,2783,0,0,0,0,0,0,86,0,794,0,76,0,35,0,0,728,0,0,5,14,-173,0,186,0,0,0,0,0,0,0
Hakan_Fidan,bağımsız,18100.0,0,0,0,0,0,0,0,0,-1,549,35,0,0,-35,1732,-898,0,0,8,-34,-421,486,0,-82,0,725,1187,0,0,19,-1,19,0,0,0,-167,37,45,0,0,-24,-82,0,0,0,11,-80,0,0,258,-116,0,0,2,0,0,39,0,0,0,0,13,0,0,0,0,-74,0,0,0,-3,0,-1,0,0,0,0,0,0,0,0,0,0,0,0,-1,30,63,0,176,26,0,2,115,0,-2,0,-1,21,-19,521,28,373,1192,0,117,-144,15,137,-485,415,-34,1723,0,0,506,0,0,-38,0,-54,78,0,63,-51,2974,12,3345,-2,666,35,-365,229,373,-193,0,-641,0,0,0,0,0,0,0
Koray_Aydın,i̇yi̇_parti,17665.0,0,0,0,0,1,0,-6,981,0,0,0,0,0,55,0,0,0,0,0,0,0,0,0,0,321,0,0,0,7,311,225,177,26,7,70,0,35,0,0,2600,0,2287,-58,894,-28,0,-30,0,-32,-1,-14,2,0,0,0,0,-6,152,0,47,0,1,0,0,0,282,263,36,0,58,0,0,0,0,13,0,0,0,0,-54,196,0,0,0,-7,0,227,503,-4,3,0,0,2,259,0,2,0,0,23,0,0,7,0,-7,0,0,0,0,-1,0,1888,0,239,-134,0,86,0,0,0,0,0,399,0,0,1383,203,113,0,-350,413,0,0,29,0,77,697,64,0,0,0,0,0,0,0
Mevlüt_Çavuşoğlu,adalet_ve_kalkınma_partisi,16510.0,342,-1,-188,28,0,0,0,0,0,54,0,641,0,0,0,32,-60,0,0,545,179,-56,-51,0,0,-11,0,29,0,0,71,75,140,0,1382,0,0,0,101,0,1246,-50,302,192,-42,1,0,110,-44,-1,408,0,0,0,0,0,0,0,75,41,-84,0,0,0,0,106,158,4,-3,0,0,0,0,0,39,0,539,0,0,0,-32,0,0,0,10,4,34,174,4,-3,0,1,150,1094,-895,0,0,4,30,494,-271,0,0,-20,0,143,0,0,-2,0,66,59,2,0,0,0,0,366,-3,450,13,-8,0,4087,-520,486,89,-35,0,15,0,-57,44,0,95,-3,87,0,0,0,0,0,0,0
Tuncay_Özkan,cumhuriyet_halk_partisi,16450.0,269,0,-43,40,0,-12,0,333,41,0,26,0,0,13,211,0,-3,0,0,0,40,0,0,35,0,0,0,2498,0,-3288,0,0,0,0,105,0,132,142,223,59,8,-35,207,130,30,-33,-35,22,-32,292,0,-3,7,0,20,0,0,34,-43,0,0,-9,77,-10,0,215,0,-36,36,4,1504,0,59,58,13,0,0,0,0,0,24,0,0,-3,0,0,14,650,-16,0,0,431,0,1965,0,5,0,0,37,45,0,0,0,1,-31,0,0,0,120,0,-18,179,0,53,0,0,39,1304,0,0,0,-4,0,0,34,960,0,668,0,0,289,-8,48,2,0,0,0,0,0,0,0,0,0,0
Efkan_Âlâ,adalet_ve_kalkınma_partisi,16417.0,0,0,0,0,0,0,546,2,0,0,32,1473,142,6,0,102,0,-44,0,20,0,0,0,0,0,550,98,0,0,323,54,0,435,0,807,0,169,1427,109,37,37,667,1204,385,1522,0,11,44,-32,-29,0,0,0,1,91,0,0,0,-44,47,0,12,-8,0,0,51,2,0,0,0,0,0,22,-6,13,0,72,0,0,0,0,0,0,0,36,0,278,-51,1,300,66,0,0,793,118,27,-75,0,23,0,-1,-47,0,0,0,0,0,0,-1,0,2173,0,0,0,35,0,0,36,0,0,0,35,0,-78,401,4,217,0,0,323,31,56,5,0,44,0,157,0,0,0,0,0,0,0
Tuğrul_Türkeş,adalet_ve_kalkınma_partisi,16415.0,0,0,-37,0,0,60,33,0,0,0,0,0,0,0,0,0,0,0,0,0,0,0,0,0,0,0,0,58,0,145,0,3400,850,-28,494,0,281,-182,70,36,1037,277,2456,22,37,12,-41,0,-32,51,-1,1,0,0,164,0,0,0,-42,48,-3,4,70,0,-21,52,0,0,0,0,0,0,0,0,13,0,0,0,120,0,-40,0,0,0,0,29,15,416,-23,6,0,3,0,3086,-6,-6,21,44,23,-1111,-30,1114,0,0,0,-8,0,2,-1,31,0,0,5,0,0,-127,-165,293,169,68,-18,0,-3,415,144,-160,41,10,-195,72,20,37,24,0,118,0,3,0,0,0,0,0,0,0
Nureddin_Nebati,adalet_ve_kalkınma_partisi,15798.0,0,0,0,0,0,0,0,0,0,0,0,0,0,0,0,0,0,0,0,0,0,0,0,0,0,0,0,0,0,0,0,0,0,0,0,0,0,0,0,0,0,0,0,0,0,0,0,0,0,0,0,0,0,0,0,0,0,0,0,0,0,0,0,0,0,0,0,0,0,0,0,0,0,0,0,0,0,0,0,0,0,0,0,0,0,0,0,0,0,0,0,0,0,0,0,0,0,0,0,0,0,0,0,0,0,0,2166,11940,178,10,74,67,106,574,29,21,313,41,0,269,0,0,32,181,17,-378,39,0,-34,34,0,0,74,-10,49,6,0,0,0,0,0,0,0,0
Murat_Kurum,adalet_ve_kalkınma_partisi,15635.0,0,0,0,0,0,0,0,0,0,0,0,0,0,0,0,0,0,0,0,0,0,0,0,0,0,0,0,0,0,0,0,0,0,0,0,0,0,0,0,0,0,0,0,0,0,0,0,0,0,0,0,0,0,0,0,0,0,0,0,0,0,0,0,0,0,0,0,1635,0,0,0,0,0,0,13,0,0,0,0,0,0,0,0,0,0,90,-9,1,-4,9,0,0,0,203,0,1,-1,0,1681,0,0,-34,0,0,0,179,0,0,3,0,30,0,0,0,0,0,15,-15,0,-267,0,128,336,16,289,165,0,-6,18,0,0,2159,7006,1588,237,115,54,0,0,0,0,0,0,0
Mustafa_Sarıgül,cumhuriyet_halk_partisi,15626.0,0,0,0,54,-26,5,65,-52,-107,139,319,21,0,-67,47,260,0,101,0,45,0,0,0,0,16,-50,12,25,0,0,0,0,0,0,0,0,7,0,0,156,84,-50,-19,0,0,0,16,0,-32,0,0,-15,0,0,0,0,-113,16,-66,47,0,0,0,0,16,-2,0,-1,0,0,0,0,632,294,0,-47,0,0,0,7,0,0,45,0,0,0,47,0,-26,14,-30,624,0,915,261,95,149,3,-46,348,-4,49,-36,12,-1,0,0,86,0,9,-103,71,-45,844,207,1,0,2,0,-15,0,510,0,284,527,544,0,0,0,29,17,0,17,0,0,0,87,3,0,0,0,0,0,0
Lütfi_Elvan,adalet_ve_kalkınma_partisi,15572.0,0,0,0,0,0,0,199,0,0,0,0,609,0,0,0,0,0,0,0,20,0,0,95,11,0,151,564,0,0,381,500,-2,301,-7,364,687,-1,346,-58,0,378,364,2759,753,-102,-201,0,44,-32,-1,0,0,0,-29,14,0,-14,9,-44,0,0,0,0,0,0,0,-9,54,0,0,0,0,0,0,13,0,0,0,0,0,-79,0,44,-1,0,155,67,125,0,0,0,271,0,2175,1012,14,24,235,-19,88,-46,0,0,0,0,0,-5,605,109,0,156,0,-104,0,0,27,0,760,0,33,0,0,-5,0,0,0,0,0,0,0,0,0,428,206,136,0,-30,0,0,0,0,0,0,0
Faruk_Çelik,adalet_ve_kalkınma_partisi,15224.0,0,0,-70,0,0,30,-1,402,0,0,0,639,0,55,0,0,2,0,0,-9,0,0,692,0,0,0,-819,1,0,0,0,31,307,0,1007,0,0,4,0,611,61,-14,2841,0,0,0,43,0,-32,-1,0,0,0,0,502,10,85,0,-42,47,0,0,0,0,8,0,420,0,0,0,0,0,0,0,13,0,64,0,0,0,0,0,0,0,0,0,16,316,-4,0,0,-158,0,3347,0,-4,0,0,18,0,0,0,0,0,0,0,0,0,-1,0,279,0,0,0,14,0,0,0,0,0,0,0,0,0,301,0,272,172,-1,367,0,0,5,0,129,0,-304,0,0,0,0,0,0,0
Feleknas_Uca,halkların_demokratik_partisi,15200.0,0,0,-220,0,0,0,0,0,0,0,0,0,0,0,0,0,0,0,0,0,25,-23,0,0,0,6,-2,-109,0,1661,69,26,0,0,341,106,0,0,0,7,32,0,119,-126,0,-19,-40,2,6,0,0,0,-40,0,0,57,0,9,55,107,0,0,1,0,8,58,60,0,0,0,6,0,0,0,0,0,0,0,23,0,30,0,0,0,0,0,-9,215,-16,0,0,0,0,0,0,0,0,23,0,0,0,0,0,0,0,0,0,0,0,0,0,0,479,0,0,0,0,-103,0,0,0,0,0,0,623,7975,2396,0,0,0,0,0,5,0,-72,1,123,0,0,0,0,0,0,0
Veysel_Eroğlu,adalet_ve_kalkınma_partisi,14776.0,43,-8,-29,0,0,63,-87,2,233,0,15,1023,0,0,0,0,0,0,0,-15,0,0,0,0,0,0,0,8,0,137,7,14,959,87,188,0,0,0,355,741,-1324,4571,186,-184,0,0,0,44,-62,209,0,0,0,0,0,0,0,0,-89,0,0,11,0,0,0,60,360,72,0,0,0,0,0,0,13,0,0,0,0,0,0,3,55,0,0,0,-17,248,843,0,16,0,0,1373,0,11,-24,0,23,0,0,0,0,0,0,0,0,0,0,0,0,0,-1,0,0,0,0,596,0,484,0,0,0,0,-182,148,0,43,-1,-1,-16,17,24,0,164,0,-26,0,0,0,0,0,0,0
Sırrı_Süreyya_Önder,halkların_eşitlik_ve_demokrasi_partisi,14396.0,2734,6,-114,0,-2412,2,0,0,0,1415,559,165,1,8,139,310,0,44,0,0,0,0,0,0,0,279,0,31,65,791,44,227,6,11,456,0,0,0,-351,0,32,355,-11,94,0,0,-94,0,18,0,155,0,0,0,52,57,0,0,0,47,0,0,0,0,8,0,0,0,0,0,0,70,0,0,0,0,0,0,0,0,32,0,0,0,0,0,36,134,1,0,4,0,-2,677,0,14,0,0,34,0,13,3101,0,-1,0,0,0,2,0,54,0,0,0,4,0,40,0,0,0,-1065,0,0,-139,0,243,328,127,-3,32,700,16,2,52,0,119,17,329,13,0,0,0,0,0,0
Bekir_Bozdağ,adalet_ve_kalkınma_partisi,14392.0,0,0,-22,0,0,0,0,0,0,0,0,136,0,0,0,0,6,0,0,2226,-99,59,0,0,-8,0,400,0,0,-28,0,-10,89,0,728,195,-642,642,0,1396,293,111,382,9,28,0,-40,0,-32,-28,-20,13,0,0,608,410,0,94,-42,47,0,0,0,0,0,52,103,0,0,0,1,0,0,0,26,0,0,0,0,0,-40,0,0,0,-1,0,43,321,-262,39,0,-31,0,2296,0,9,62,13,23,0,-17,19,0,0,0,0,0,0,268,118,27,0,1,0,0,78,0,26,0,272,0,465,-21,29,-295,363,-68,94,-95,477,0,2,5,670,79,0,20,0,0,0,0,0,0,0
Gültekin_Uysal,demokrat_parti,14261.0,0,941,0,-24,-390,0,-84,0,0,0,0,55,0,-37,0,0,0,0,0,0,0,0,0,0,0,0,0,0,0,0,59,0,0,0,0,0,0,37,0,0,-3,0,0,0,0,0,0,25,-274,-2,-13,119,0,0,16,0,9,0,0,0,0,0,0,0,0,1267,0,0,0,0,0,0,0,0,13,16,0,0,0,0,0,0,0,0,4,115,-67,321,19,0,0,67,0,924,0,-181,0,38,-15,35,156,6,0,23,0,2,25,0,-1,21,12,466,21,12,236,0,0,475,247,186,419,9229,-1056,-2057,152,102,-43,0,0,36,-1214,0,5,0,-1,0,45,0,0,0,0,0,0,0
Gürsel_Tekin,cumhuriyet_halk_partisi,14082.0,0,0,-22,0,0,0,-4,0,0,0,0,117,21,152,90,-45,109,0,0,202,-172,0,0,0,0,0,0,0,0,61,0,0,0,0,82,0,235,0,0,-27,0,437,2019,0,0,0,0,-7,-31,226,0,-1,-45,0,0,0,0,9,0,91,0,0,-28,0,0,0,111,122,0,0,0,0,60,0,0,0,0,0,0,16,0,0,0,0,0,0,0,1114,4,3,0,64,0,0,0,0,0,1,23,0,0,0,-5,0,0,0,0,0,0,3,3464,0,-34,-13,0,0,9,0,0,0,0,0,-36,0,-86,0,5,0,0,0,0,0,20,535,41,0,280,0,0,0,0,0,0,0
Adnan_Selçuk_Mızraklı,halkların_demokratik_partisi,13946.0,0,0,0,0,0,0,0,0,0,0,0,0,0,0,0,0,0,0,0,0,0,0,0,0,0,0,0,0,0,0,0,0,0,0,0,0,0,0,0,0,0,0,0,0,0,0,0,0,0,0,0,0,0,0,0,0,0,0,0,0,0,0,0,0,0,0,0,0,0,0,0,0,0,0,0,0,0,0,0,0,0,0,0,0,0,0,0,0,0,0,0,0,0,0,0,0,0,0,0,0,0,0,0,0,0,0,0,0,0,0,0,0,0,0,0,0,3988,0,0,108,0,0,0,0,0,0,9233,561,-83,47,0,0,0,0,0,0,92,0,0,0,0,0,0,0
Recep_Akdağ,adalet_ve_kalkınma_partisi,13861.0,73,-11,-80,0,0,0,-6,0,281,0,0,0,0,55,0,30,0,-1,54,0,-54,0,0,0,0,196,0,0,0,0,0,0,919,0,52,0,0,0,0,0,459,679,2269,26,-16,-126,0,0,-70,-1,0,0,0,0,483,0,108,0,-87,47,0,0,0,0,0,53,121,0,0,0,0,0,0,0,26,0,0,0,0,0,0,0,0,0,-1,0,219,391,0,1703,464,0,0,51,0,26,0,0,23,107,0,0,0,0,0,-88,0,15,-2,0,0,0,4,0,0,39,-3,0,0,0,0,0,0,0,0,41,514,0,-304,0,0,-16,0,0,90,0,108,0,0,0,0,0,0,0
Lütfü_Savaş,cumhuriyet_halk_partisi,13746.0,0,0,0,0,0,0,0,0,0,0,0,0,0,0,0,3713,0,51,169,0,0,0,-2,0,0,0,0,0,0,47,0,0,6,0,0,-113,0,191,0,0,0,0,0,0,0,0,0,0,-32,9,0,44,0,0,0,0,0,9,0,47,0,0,0,0,8,0,0,0,0,0,0,0,0,0,0,390,0,0,0,0,0,0,11,0,0,0,17,1,0,0,0,17,0,149,0,-5,0,-88,64,0,0,0,28,0,0,0,0,0,42,0,3,0,0,0,0,0,0,405,0,39,496,755,11,0,97,0,0,0,-50,0,0,0,5,0,-30,6756,486,0,0,0,0,0,0,0
Erkan_Baş,türkiye_i̇şçi_partisi,13685.0,0,0,0,41,0,0,57,0,0,150,4,0,0,0,0,47,0,0,0,-45,0,0,0,0,0,-36,0,0,0,0,0,0,0,0,0,0,31,0,0,0,0,0,0,511,0,0,0,201,5,-17,0,289,0,0,2,-7,0,11,0,0,0,0,0,0,365,203,123,0,0,740,0,0,0,0,13,1075,0,0,-2,-1,0,0,0,0,172,0,42,0,0,0,1,-10,0,1255,-12,9,0,0,47,1,-160,0,0,0,0,0,0,1759,-1,134,-47,50,246,0,0,399,10,-12,-7,0,-515,219,-134,1309,2070,285,0,0,-511,-140,0,11,-1,760,-2,1,170,0,0,0,0,0,0,0
Mahmut_Toğrul,halkların_demokratik_partisi,13534.0,0,0,0,0,0,0,0,0,0,0,0,0,0,0,0,0,0,0,0,0,0,0,0,0,0,0,0,0,0,0,0,0,0,0,0,0,0,0,0,0,0,0,0,0,0,0,0,0,0,0,0,0,0,0,0,0,0,0,0,0,0,0,0,0,0,0,0,0,0,0,0,0,0,0,0,0,0,0,0,0,0,0,0,0,0,0,0,0,0,0,0,0,0,0,2321,32,0,0,0,0,1,0,0,0,0,0,0,0,-1,-29,0,0,0,0,0,0,0,0,0,0,0,0,0,0,0,0,0,1421,31,0,9506,0,5,0,-159,346,60,0,0,0,0,0,0,0
Markar_Esayan,adalet_ve_kalkınma_partisi,13456.0,0,0,0,0,0,0,0,40,0,0,-8,0,0,0,0,0,0,-14,12,0,0,0,4,35,-1,0,0,19,0,575,0,0,0,8,225,0,63,0,0,0,138,0,0,26,11,0,127,0,-26,-3,0,128,9,0,0,0,0,0,0,47,-3,0,0,3,0,0,141,0,0,0,0,0,59,58,0,0,0,0,0,0,-37,0,0,0,41,0,827,14,-5,0,0,0,-11,5031,2537,-3,295,1,0,39,20,0,23,0,0,0,0,0,0,0,0,0,1928,0,0,643,-1198,0,77,0,0,-61,0,83,35,0,0,0,14,0,0,-3,60,0,0,365,-119,0,0,0,0,0,0,0
Enis_Berberoğlu,cumhuriyet_halk_partisi,13340.0,0,0,0,0,0,0,0,0,0,0,0,0,0,0,0,0,0,0,0,0,620,146,0,0,0,0,0,0,0,0,55,0,0,0,55,49,0,0,0,828,56,0,31,24,0,9,-51,0,-32,-1,0,2,0,3676,52,9,0,0,0,-1,0,0,-54,0,0,335,0,-6,0,0,0,0,59,0,26,0,0,0,0,0,0,0,0,0,0,0,90,-1,-4,797,0,-4,9,487,0,-6,0,268,230,0,0,0,0,0,0,0,0,0,-1,-11,0,0,385,0,0,0,0,40,0,0,0,0,171,0,658,131,0,0,0,-65,0,0,491,1939,1,13,-5,0,0,0,0,0,0,0
Vedat_Bilgin,adalet_ve_kalkınma_partisi,13274.0,0,0,0,10,0,0,0,0,0,7,297,3,728,0,0,3,0,498,25,0,0,0,389,0,0,256,0,-6,0,127,40,0,243,5,109,0,39,56,178,0,32,-1,13,774,0,0,0,0,-31,-1,13,1,0,0,0,0,0,9,42,0,0,0,-5102,0,-87,0,-40,-9,0,146,0,0,0,0,0,0,0,14,0,0,0,0,0,0,208,-343,0,178,-8,0,0,0,0,783,0,10,-62,0,0,560,57,-26,0,-1,0,0,0,-61,0,0,23,662,0,0,0,0,0,0,-18,0,0,0,0,0,223,826,56,0,670,0,0,0,-6,27,96,0,-333,0,0,0,0,0,0,0
Deniz_Yavuzyılmaz,cumhuriyet_halk_partisi,13207.0,0,0,0,0,0,0,0,0,0,0,0,0,0,0,0,0,0,0,0,0,0,0,0,0,0,0,0,0,0,0,0,0,0,0,0,0,0,0,0,0,0,0,0,0,0,0,0,0,0,0,0,0,0,0,0,0,0,0,0,0,0,0,0,0,0,0,0,0,0,0,0,0,0,0,0,0,0,0,0,0,0,0,0,0,0,0,3848,-1,656,-60,35,-61,0,708,814,5,0,0,0,55,-1,0,0,1449,0,0,31,627,954,-1,1207,0,0,0,0,0,0,0,0,0,0,58,101,0,124,374,0,0,-31,0,2380,0,77,0,-140,-1,0,0,0,0,0,0,0,0
Tanju_Özcan,cumhuriyet_halk_partisi,13010.0,0,0,0,0,0,0,0,0,0,0,0,0,0,0,0,0,0,0,0,0,0,0,0,0,0,0,0,0,0,0,0,0,0,0,0,0,0,0,0,1907,64,0,172,939,0,0,-1,0,-32,-1,0,0,0,0,0,0,0,9,-42,40,0,0,0,0,-1,50,0,0,0,0,0,0,0,0,13,1422,220,0,0,0,0,0,0,0,0,0,31,0,0,3,0,30,0,2,0,0,0,0,0,211,52,0,-25,392,0,0,160,2,-1,23,-123,209,29,115,1470,349,273,186,190,217,454,0,0,0,-214,1192,1199,269,0,37,11,161,-4,0,974,323,54,0,0,0,0,0,0,0
İlhan_Kesici,cumhuriyet_halk_partisi,12892.0,0,0,0,0,0,0,-1,0,0,0,31,0,0,0,1613,-1613,0,95,0,0,0,0,0,0,0,0,0,0,30,648,-177,0,0,90,55,0,0,0,199,0,281,0,5103,-41,0,0,-40,0,-28,-1,68,0,0,0,37,5,0,0,-31,0,-3,16,-29,0,258,0,77,1,0,0,0,0,0,0,13,0,0,0,0,0,0,0,0,0,0,5,0,215,-2,0,0,0,0,731,0,-5,0,0,0,0,0,0,0,-370,-5,0,43,-127,-1,0,1600,1,0,7,0,0,0,0,0,0,0,746,922,0,56,529,0,0,0,0,-3,0,43,8,-103,8,161,85,0,0,0,0,0,0
Cevdet_Yılmaz,adalet_ve_kalkınma_partisi,12667.0,223,0,-68,0,0,0,-3,0,0,0,18,3,0,0,0,823,0,0,0,173,0,0,0,0,0,0,0,1,0,131,0,609,336,8,983,150,0,0,186,34,188,1357,-5,0,0,0,0,130,-33,27,-43,0,-43,0,0,0,0,8,-44,47,0,0,0,0,0,53,58,0,7,0,0,0,0,0,13,0,0,0,0,0,-40,0,11,0,-1,0,28,21,-8,0,-7,0,0,0,25,2,0,-526,23,0,0,0,0,0,0,0,0,270,-1267,0,674,0,325,733,0,-129,-474,0,-10,1301,0,0,0,0,0,2334,411,0,-294,259,0,120,5,-199,79,-1,933,0,0,0,0,0,0,0
Ömer_Çelik,adalet_ve_kalkınma_partisi,12646.0,180,0,-41,988,0,0,0,0,0,0,0,311,0,0,61,0,0,0,-33,21,0,0,0,0,-61,0,0,0,0,0,0,63,477,0,109,0,0,0,0,0,611,223,2139,235,219,0,11,0,-32,230,0,1,0,-21,0,87,14,0,-42,47,0,0,-1,0,0,0,153,0,0,0,0,0,0,0,13,0,0,0,0,0,-213,0,0,0,-14,31,578,0,0,9,0,30,0,-1,0,1,0,4,23,0,850,-850,0,0,0,0,135,0,-1,-54,2594,0,0,0,0,4,0,175,0,0,0,0,19,0,32,133,11,0,0,2,84,11,0,0,101,0,105,0,0,0,0,0,0,0
Vehbi_Koç,adalet_ve_kalkınma_partisi,12609.0,0,0,-73,0,-4,36,4542,0,1,0,0,0,30,119,0,1,-5,0,0,0,0,40,0,0,0,0,0,331,2,0,0,34,0,0,0,-43,17,0,0,0,-1,0,1,0,-1,0,19,0,0,1,0,-54,0,0,0,0,0,0,0,51,0,0,0,0,0,-1,0,-3,0,0,0,-2,13,0,13,0,4,0,0,0,0,0,0,0,-39,250,298,18,-30,0,0,0,5,965,0,3,0,0,31,0,0,11,29,-125,-1,0,0,577,-1,61,15,535,-535,2,0,0,0,2,0,0,611,-1,0,-461,0,0,0,0,0,0,1436,8,27,0,0,0,-5,0,0,0,0,0,0,0
Mahmut_Özer,adalet_ve_kalkınma_partisi,12559.0,0,0,0,0,0,0,0,0,0,0,0,0,0,0,0,0,0,0,0,0,0,0,6702,40267,0,0,0,0,0,76,0,2,0,0,0,0,351,10,-22,-45722,0,0,0,0,0,0,0,39,52603,-49802,0,0,0,0,0,0,0,33,0,0,0,0,22,0,0,0,0,344,0,0,0,0,0,0,0,0,0,0,0,0,0,0,0,0,240,0,0,519,59,0,0,0,0,1095,0,78,53,0,2,0,0,0,0,606,349,2,86,11,0,430,0,332,0,0,0,0,0,31,0,1054,-77,12,41,702,39,649,0,0,0,1343,0,-62,4,0,48,-4,14,0,0,0,0,0,0,0
Ömer_Faruk_Gergerlioğlu,halkların_eşitlik_ve_demokrasi_partisi,12472.0,0,0,0,0,0,0,0,0,0,0,0,0,0,0,0,0,0,0,0,0,0,0,0,0,0,0,0,0,0,0,0,0,0,0,0,0,0,0,0,0,0,0,0,0,0,0,0,0,0,0,0,0,0,0,0,0,0,0,0,0,0,0,0,0,0,0,2904,-2,0,0,0,0,120,58,13,0,0,0,0,0,0,0,11,0,0,0,0,2618,-2618,42,0,0,0,29,0,0,0,32,5719,0,-1,0,843,255,0,0,-29,0,-1,0,0,0,0,934,-492,726,205,-159,0,0,55,0,29,80,53,822,50,0,0,54,-24,17,5,0,0,11,113,0,0,0,0,0,0,0
Mehmet_Bekaroğlu,cumhuriyet_halk_partisi,12386.0,0,0,-26,0,137,0,543,-7,0,0,0,0,179,0,35,-35,0,0,0,0,819,40,0,-40,0,0,0,0,0,103,0,0,0,-123,88,0,1,661,0,0,-9,0,0,581,-1,0,0,43,-32,-2,0,0,-40,0,20,9,0,0,-88,91,0,0,0,0,8,55,0,-1,0,0,0,0,60,0,13,27,91,0,0,0,20,0,0,0,0,0,60,81,3,1,0,0,0,0,0,8,0,0,0,0,0,0,0,0,0,0,0,0,-1,0,0,1136,0,743,59,-7,0,0,265,0,33,134,301,0,56,0,0,0,0,0,146,0,36,0,0,815,-3,0,0,0,0,0,0,0
Gökçe_Gökçen,cumhuriyet_halk_partisi,12357.0,0,0,0,0,0,0,0,0,0,0,0,0,0,0,0,0,0,0,0,0,0,0,0,0,0,0,0,0,0,0,0,0,0,0,0,0,0,0,0,0,0,0,0,0,0,0,0,0,0,0,0,0,0,0,0,0,0,0,0,0,0,0,0,0,0,0,0,0,0,0,0,0,0,0,0,0,0,0,0,0,0,0,0,0,0,0,0,0,0,0,0,0,0,0,0,0,0,0,0,0,0,0,4756,2659,15,0,-1,109,237,0,844,0,0,0,-44,0,17,0,0,0,1,0,2,18,339,1475,0,7,9,0,1451,9,381,60,0,0,13,0,0,0,0,0,0,0
Abdulhamit_Gül,adalet_ve_kalkınma_partisi,12351.0,0,0,0,0,0,0,0,0,0,0,0,0,0,0,0,0,0,0,0,0,0,0,0,0,0,0,0,0,0,0,0,0,0,0,0,0,0,0,0,0,0,0,0,0,4677,-18,0,105,-31,-2,0,11,-55,0,626,29,307,0,-42,47,0,8,0,0,8,55,413,-1,0,0,0,0,0,0,13,0,0,0,0,0,0,0,0,0,-1,0,0,146,-10,2,0,0,0,900,0,5,44,0,23,0,0,18,0,-203,0,0,-84,0,54,341,0,1952,2697,0,0,0,0,1,0,0,0,0,0,-10,55,68,41,334,-334,0,0,52,5,51,-11,0,65,0,0,0,0,0,0,0
Ahmet_Akın,cumhuriyet_halk_partisi,12268.0,0,0,0,0,0,0,0,0,0,0,0,0,0,0,0,0,0,0,0,0,0,0,0,0,0,0,0,0,0,0,0,0,0,0,0,0,0,0,0,0,0,0,0,0,2626,0,0,0,0,0,0,0,0,0,0,0,0,0,0,220,0,0,0,551,731,57,89,0,0,0,0,23,0,1832,13,27,0,0,0,-3,0,0,0,0,0,0,36,146,71,0,1,-10,0,0,0,586,0,0,57,-31,31,0,0,0,0,0,0,0,-1,15,0,0,1318,1,0,0,0,2,-26,22,0,0,0,0,0,2740,0,0,0,0,521,-233,17,64,0,830,-55,0,0,0,0,0,0,0
Tülay_Hatimoğulları_Oruç,halkların_eşitlik_ve_demokrasi_partisi,12191.0,0,0,0,0,0,0,0,0,0,0,0,0,0,0,0,0,0,0,0,0,0,0,0,0,0,0,0,0,0,0,0,0,0,0,0,0,0,0,0,0,0,0,0,0,0,0,0,0,0,0,0,0,0,0,0,0,0,0,0,0,0,0,0,0,0,0,0,0,0,0,0,0,0,0,0,0,0,0,0,0,0,0,0,0,0,0,0,0,0,0,0,0,0,0,0,0,0,981,0,9,75,0,0,23,0,0,0,0,-1,0,0,0,0,272,0,0,0,0,0,0,0,0,0,2228,350,6727,0,0,0,342,59,-68,47,151,470,363,163,0,0,0,0,0,0,0
Mehmet_Özhaseki,adalet_ve_kalkınma_partisi,12036.0,0,0,-28,0,-42,0,0,0,0,0,0,0,0,0,0,1,0,0,0,0,27,0,0,0,0,979,0,40,-58,566,38,0,182,149,318,0,0,904,-888,0,452,0,1544,302,0,-145,11,0,-33,-1,0,0,0,-29,0,0,0,17,-66,94,0,0,0,0,-1,0,17,0,0,0,0,0,1202,204,42,0,0,0,0,0,0,0,0,0,0,0,137,-1,19,0,20,25,1,271,0,3,58,0,36,0,0,0,11,0,0,0,68,0,-1,364,1396,0,0,0,0,0,-11,-198,0,0,0,0,0,0,0,1960,0,0,62,0,20,0,0,138,77,0,0,0,0,0,0,0,0,0
Cihangir_İslam,cumhuriyet_halk_partisi,12017.0,0,0,0,0,0,0,0,0,0,0,0,0,0,0,0,0,0,0,0,0,0,0,0,0,0,0,0,0,0,0,0,0,0,0,0,0,0,0,0,0,0,0,0,0,0,0,0,0,0,0,0,0,0,0,0,0,0,0,0,0,0,0,0,0,0,0,0,0,0,0,2974,0,0,0,26,0,0,0,0,0,0,0,0,0,0,0,2451,-3,0,19,49,157,1,0,0,1,0,0,-17,0,0,0,0,0,0,0,0,0,66,9,224,0,-43,0,-6,0,0,-51,0,0,3964,2103,53,0,56,14,60,0,0,0,23,22,0,32,0,-167,0,0,0,0,0,0,0,0
Tolga_Ağar,adalet_ve_kalkınma_partisi,12013.0,0,0,0,0,0,0,0,0,0,0,0,0,0,0,0,0,0,0,0,0,0,0,0,0,0,0,0,0,0,0,0,0,0,0,0,0,0,0,0,0,0,0,0,0,0,0,0,0,0,0,0,0,0,0,0,0,0,0,0,0,0,0,0,0,0,0,0,0,0,0,0,0,0,0,0,0,0,0,0,0,1787,0,0,0,4,0,9,0,0,0,0,0,0,560,0,6,1,0,0,14,4923,1945,1,0,0,0,0,0,-2,-1,0,0,0,424,36,0,0,1475,0,0,43,0,13,0,0,5,284,0,0,0,0,0,0,0,0,0,78,0,0,0,0,0,0,0
Akif_Çağatay_Kılıç,adalet_ve_kalkınma_partisi,11884.0,-1,0,0,-32,-833,0,0,0,0,0,833,491,0,-35,0,0,0,0,0,-8,0,0,0,0,0,34,0,0,0,122,0,29,127,0,665,0,0,0,0,-18,25,-19,0,0,1257,0,0,0,-83,-72,16,0,0,6,14,0,208,0,0,0,310,0,0,0,0,0,65,0,0,0,0,18,0,0,13,0,0,0,0,0,0,0,0,0,-1,0,-32,112,0,0,13,0,0,304,0,-20,975,0,23,6,-1,0,0,0,0,0,0,-8,-1,0,0,0,752,-8,73,41,0,0,0,0,0,54,0,0,0,222,0,0,0,36,0,0,5,0,-12,0,-3,0,0,0,0,0,0,0
Abdüllatif_Şener,cumhuriyet_halk_partisi,11797.0,0,0,-74,89,0,0,9,0,315,0,-3,0,0,193,0,39,-10,0,2,-39,0,39,0,0,0,570,29,11,0,0,0,156,401,0,0,-7,-1,0,5,182,64,-2,-4,0,0,6,0,50,-32,98,0,7,-139,-58,0,0,0,11,-45,94,0,17,0,0,162,42,-14,0,0,0,0,0,0,0,26,0,0,0,0,0,-36,0,0,0,0,0,4,43,0,5,0,0,14,221,4,-4,0,7,94,0,101,110,0,0,0,-66,0,38,-2,0,0,74,32,1121,315,77,36,585,0,133,241,407,-98,0,27,1540,0,-14,0,0,35,0,5,0,-170,0,25,0,0,0,0,0,0,0
Pervin_Buldan,halkların_eşitlik_ve_demokrasi_partisi,11788.0,0,0,-64,0,2963,0,-52,0,0,0,0,0,0,0,-44,4,0,40,0,0,0,0,0,0,0,-220,0,0,0,521,5,423,0,0,116,0,0,0,1881,55,38,134,0,-1601,0,0,22,-799,-10,1831,0,1,-40,0,26,0,0,0,0,0,0,521,-3,0,0,55,6,1138,0,0,0,0,0,2,0,0,0,0,0,0,0,0,11,0,0,0,6,252,0,9,4,0,0,1306,0,17,0,-7,0,0,0,28,23,0,0,0,0,-138,302,-302,0,0,0,0,-5,169,13,-49,0,0,-18,0,37,0,174,128,0,47,100,357,0,16,25,0,0,13,108,0,0,0,0,0,0,0
Öztürk_Yılmaz,yenilik_partisi,11690.0,0,0,0,0,0,0,0,0,0,0,0,0,0,0,0,0,0,0,0,0,0,0,0,0,0,0,0,0,0,0,0,0,0,0,3150,0,92,0,0,2,-56,0,0,13,0,0,0,44,0,0,0,51,0,-51,153,-51,0,0,1032,9,16,-15,0,0,0,53,0,0,0,0,0,0,0,0,13,0,0,0,1144,0,26,0,793,-3,179,30,156,0,113,8,357,832,34,2005,0,7,132,0,3,0,0,110,23,-1,0,0,0,0,-1,0,0,0,0,188,0,0,0,0,0,214,0,0,564,198,74,-161,0,0,0,44,0,10,5,0,1,-7,158,0,0,0,0,0,0,0
Fatma_Betül_Sayan_Kaya,adalet_ve_kalkınma_partisi,11588.0,0,0,0,0,0,0,0,0,0,0,0,0,0,0,0,0,0,0,0,0,0,0,0,0,0,0,0,0,0,0,0,0,0,0,0,0,0,0,0,0,3790,0,2714,134,0,-134,41,222,-35,-1,1145,39,-23,0,0,0,0,0,-42,47,0,1,36,0,0,0,122,-1,0,0,0,0,0,0,13,0,0,0,0,0,0,11,0,0,0,0,287,764,0,0,269,0,0,741,0,0,0,0,-198,-12,0,-1,0,59,-4,0,24,0,-39,1,0,0,1426,0,0,0,0,37,-99,99,0,0,0,0,0,0,0,0,46,51,0,0,0,0,58,0,0,0,0,0,0,0,0,0
Semra_Güzel,halkların_demokratik_partisi,11568.0,0,0,0,0,0,0,0,0,0,0,0,0,0,0,0,0,0,0,0,0,0,0,0,0,0,0,0,0,0,0,0,0,0,0,0,0,0,0,0,0,0,0,0,0,0,0,0,0,0,0,0,0,0,0,0,0,0,0,0,0,0,0,0,0,0,0,0,0,0,0,0,0,0,0,0,0,0,0,0,0,0,0,0,0,0,0,0,0,0,0,0,0,0,0,0,0,0,0,0,0,0,0,0,0,0,0,0,0,0,0,0,0,0,0,0,0,10593,-40,0,515,219,0,51,0,0,17,164,0,0,0,0,0,0,0,-24,0,73,0,0,0,0,0,0,0
Kenan_Sofuoğlu,adalet_ve_kalkınma_partisi,11532.0,0,0,-200,0,0,0,0,0,0,-61,0,13,-13,0,92,-92,0,0,0,0,328,0,0,0,0,-215,-12,0,-92,0,1163,216,18,239,-20,264,912,-3,0,1,-33,-1,93,34,-34,298,0,0,0,0,0,16,0,-16,0,24,0,0,0,0,0,0,-8,0,0,0,124,0,0,0,0,0,0,0,0,0,95,0,0,0,0,0,0,0,0,0,87,220,-17,0,0,0,0,483,20,-19,0,-2,370,0,0,0,-1,0,1,0,3,0,0,0,87,0,0,0,0,2,0,2,0,0,437,225,0,0,0,0,0,0,0,0,0,0,0,0,8,-4,0,0,0,0,0,0,0,0
Volkan_Bozkır,adalet_ve_kalkınma_partisi,11442.0,0,0,0,-23,-695,0,0,5,0,26,0,0,0,0,0,0,79,0,0,1166,0,377,-377,484,0,26,0,0,0,149,41,36,140,0,1007,424,-5,31,0,28,355,0,144,5,0,0,57,11,0,0,0,9,0,-56,0,0,0,0,-100,0,0,76,0,0,0,0,-2,0,0,0,0,0,0,0,13,0,0,0,0,0,-33,0,0,0,0,0,18,530,0,583,227,0,2548,1097,91,9,0,61,44,0,-1,0,0,0,19,0,0,0,-1,0,0,0,0,0,57,0,0,4,0,0,-26,0,0,0,-1,15,0,0,0,0,0,0,5,0,49,-31,-50,0,0,0,0,0,0,0
Cemal_Enginyurt,demokrat_parti,11370.0,0,0,0,0,0,0,0,0,0,0,0,0,0,0,0,0,0,0,0,0,0,0,0,0,0,0,0,0,0,0,0,0,0,0,0,0,0,0,0,0,0,0,0,0,0,0,0,0,0,0,0,0,0,0,0,0,0,0,0,2027,110,0,0,0,315,0,9,-2,0,0,0,13,0,0,0,109,29,0,0,0,0,0,9,0,0,0,0,-4,0,0,3339,-11,2,0,0,138,3,0,56,9,0,0,0,0,0,42,0,0,43,371,57,6,1650,509,624,0,0,0,140,0,-7,227,506,65,55,248,0,0,0,172,0,0,6,33,-20,198,294,8,0,0,0,0,0,0
Ahmet_Eşref_Fakıbaba,i̇yi̇_parti,11213.0,284,0,0,0,0,0,0,0,0,0,0,2,0,0,0,458,-12,0,0,0,0,0,0,0,0,0,0,0,0,201,0,6,0,0,129,0,0,0,0,0,-34,0,0,0,0,62,0,141,-32,492,87,-33,0,0,1028,-2,346,0,-108,-2,0,0,0,0,0,57,189,-11,0,0,0,0,0,0,13,0,0,0,0,0,23,0,0,0,-1,0,-10,337,4,5,0,0,0,304,0,2,0,0,0,0,0,0,0,0,0,0,0,0,-1,0,0,0,690,0,0,-33,0,4209,0,-34,-217,0,0,0,52,323,0,0,0,0,0,0,33,0,49,265,-5,0,0,0,0,0,0,0
Yüksel_Taşkın,cumhuriyet_halk_partisi,11189.0,0,0,0,0,0,0,0,0,0,0,0,0,0,0,0,0,0,0,0,0,0,0,0,0,0,0,0,0,0,0,0,0,0,0,0,0,0,0,0,0,0,0,0,0,0,0,0,0,0,0,0,0,0,0,0,0,0,0,0,0,0,0,0,0,0,0,0,0,0,0,0,0,0,0,0,0,0,0,0,0,0,0,0,0,0,0,0,0,0,0,0,4332,57,0,0,0,0,0,-162,0,0,0,129,0,31,0,0,0,-1,0,0,411,0,0,0,0,102,0,0,0,0,0,0,0,4534,1706,0,0,0,23,52,4,-29,0,0,0,0,0,0,0,0,0,0,0
Akif_Hamzaçebi,cumhuriyet_halk_partisi,11156.0,0,0,0,88,-787,-121,0,0,-8,0,0,2,0,0,0,-17,-1,97,0,18,0,0,0,0,0,0,0,0,0,441,1787,0,28,128,319,14,0,824,0,17,-20,0,19,43,0,0,50,0,262,3,0,4,-51,0,0,14,0,557,-128,0,0,724,0,0,0,0,1300,0,0,0,0,0,0,561,80,592,0,0,0,0,0,0,0,0,0,0,254,259,-47,-1,0,0,1,0,0,17,0,0,23,-8,0,0,0,0,0,0,0,0,-1,0,0,0,514,0,-4,0,0,0,0,0,0,0,0,0,0,20,-20,0,0,0,0,-1,-28,0,0,0,-4,0,0,0,0,0,0,0
Derya_Yanık,adalet_ve_kalkınma_partisi,11121.0,0,0,0,0,0,0,0,0,0,0,0,0,0,0,0,0,0,0,0,0,0,0,0,0,0,0,0,0,0,0,0,0,0,0,0,0,0,0,0,0,0,0,0,0,0,0,0,0,0,0,0,0,0,0,0,0,0,0,0,0,0,0,0,0,0,0,0,0,0,0,0,0,0,0,0,0,0,0,0,0,0,0,0,0,0,0,0,0,0,0,0,0,0,0,0,0,0,0,0,7784,1250,154,34,23,0,7,0,0,-2,0,1653,0,0,0,0,0,0,0,0,0,0,0,0,0,115,84,0,0,0,44,0,0,0,0,58,0,-83,0,0,0,0,0,0,0
Fikri_Işık,adalet_ve_kalkınma_partisi,11033.0,0,0,0,0,0,0,0,0,0,0,0,1060,0,0,0,0,114,0,0,1615,83,0,0,1,0,0,0,0,0,65,0,2,53,0,886,537,0,21,0,0,714,0,1796,0,455,-3,17,0,-47,-1,0,1,0,-24,640,0,0,0,0,0,0,0,0,0,0,53,83,28,0,0,0,0,0,0,13,0,0,0,0,0,0,0,16,0,0,0,27,50,0,0,0,0,0,2284,0,10,0,0,0,103,0,0,0,0,0,0,0,0,0,0,0,0,-1,0,0,12,0,1,0,0,0,0,0,42,0,165,11,0,0,-1,0,0,0,0,151,4,-3,0,0,0,0,0,0,0
Nurettin_Canikli,adalet_ve_kalkınma_partisi,11026.0,1539,0,0,0,0,0,0,0,0,0,0,0,0,67,0,0,0,120,0,1600,-12,0,0,0,0,0,0,0,0,0,54,0,531,0,53,148,0,0,0,0,1241,493,1750,194,358,280,44,44,-32,-1,0,0,0,-29,715,-1,96,9,-86,47,0,0,0,0,0,0,173,-1,0,0,0,0,0,0,13,0,0,0,0,0,0,47,0,0,-3,0,36,0,0,0,0,0,1,0,0,6,0,3,23,0,-568,0,0,0,0,0,0,0,-1,0,0,0,0,1412,0,39,0,0,0,31,0,70,-32,0,0,0,0,0,14,0,0,0,15,372,283,0,-129,0,0,0,0,0,0,0
Olcay_Kılavuz,milliyetçi_hareket_partisi,10721.0,0,0,0,0,0,0,0,0,0,0,0,0,0,0,0,0,0,0,0,0,0,0,0,0,0,0,0,0,0,0,0,0,0,0,0,0,0,0,0,0,0,0,0,0,0,0,0,0,0,0,0,0,0,0,0,0,0,0,0,0,0,0,0,0,0,0,0,0,0,0,0,0,0,0,0,0,0,0,0,0,0,0,0,0,0,0,0,0,0,0,0,0,0,0,0,0,0,989,0,9,0,0,0,0,0,0,0,0,0,0,271,0,0,0,0,0,0,0,0,0,49,0,5967,3178,453,215,0,0,0,0,0,0,0,0,-139,-434,163,0,0,0,0,0,0,0
Ayşe_Acar_Başaran,halkların_demokratik_partisi,10694.0,0,0,0,0,0,0,0,0,0,0,0,0,0,0,0,0,0,0,0,0,0,0,0,0,0,0,0,0,0,0,0,0,0,0,0,0,0,0,0,0,0,0,0,2517,0,0,0,0,0,0,0,0,0,0,0,0,0,0,0,314,0,-1,1,0,0,52,1079,0,113,0,0,0,0,0,13,27,0,0,0,0,0,0,11,0,0,0,0,0,0,0,0,8,0,0,17,0,2,0,0,9,23,0,0,0,0,0,0,0,-1,0,439,0,23,0,0,0,0,0,0,0,-1,0,0,0,14,5844,195,0,-75,0,0,0,0,0,0,0,71,0,0,0,0,0,0,0
Nabi_Avcı,adalet_ve_kalkınma_partisi,10650.0,1372,51,32,0,-19,0,-132,0,46,-27,35,36,0,-35,0,0,0,0,0,20,0,0,0,35,-131,126,0,505,0,127,0,35,-51,51,707,51,0,0,0,148,596,730,1271,36,0,59,0,0,-30,25,16,-15,0,0,34,126,54,0,-45,-53,0,0,0,0,0,21,16,299,0,0,0,-3,0,58,13,0,0,0,0,0,0,0,0,0,0,4,78,50,-8,9,0,0,122,1094,8,28,-163,0,28,0,0,0,0,-24,35,0,163,43,-1,0,0,0,-1,0,0,0,0,0,0,10,0,0,0,0,135,0,370,118,0,0,0,0,5,0,-118,-37,58,0,0,0,0,0,0,0
Hişyar_Özsoy,halkların_demokratik_partisi,10534.0,0,0,0,0,0,0,0,0,0,0,0,0,0,0,0,0,0,0,0,0,0,0,0,0,0,0,0,0,0,0,0,0,0,0,0,0,0,0,0,0,0,0,0,0,0,0,2100,0,159,-1,0,0,0,0,0,0,0,0,0,41,0,56,0,0,0,57,167,0,0,0,0,0,0,105,13,0,0,0,0,0,0,0,11,0,0,0,18,0,0,4,0,0,1,0,0,-1,0,0,0,0,0,0,45,0,0,0,0,0,-1,0,0,4,0,0,0,0,0,0,0,0,0,0,0,0,-42,0,8186,0,0,0,0,0,5,-17,-47,0,-329,0,0,0,0,0,0,0
Selami_Altınok,adalet_ve_kalkınma_partisi,10425.0,0,0,0,0,0,0,0,0,0,0,0,197,0,325,0,0,0,0,0,0,0,0,0,19,-19,0,0,0,0,71,0,305,1366,246,-177,143,1135,-7,0,137,-32,0,179,0,911,128,0,0,0,0,0,1,0,-22,0,0,0,9,0,0,0,6,0,0,0,53,81,0,0,0,0,-18,-18,0,13,0,0,36,0,0,0,0,0,0,-1,0,0,147,5,0,0,266,0,600,63,2,0,0,23,0,0,0,0,0,0,0,0,0,-1,0,0,0,0,0,0,-360,0,0,0,0,0,0,0,0,53,0,3468,210,0,0,0,0,7,0,-40,25,104,0,0,0,0,0,0,0
Mehmet_Nuri_Ersoy,bağımsız,10241.0,0,0,0,0,0,0,0,0,0,0,0,0,0,0,0,0,0,0,0,0,0,0,0,0,0,0,0,0,0,0,0,0,0,0,0,0,0,0,0,0,0,0,0,0,0,0,0,0,0,0,0,0,0,0,0,0,0,0,0,0,0,0,0,0,0,0,2437,22,0,0,0,0,134,0,26,0,0,0,0,0,0,0,0,0,0,0,0,0,15,0,0,33,242,176,0,2,11,43,0,1,28,0,0,0,-17,0,6,0,-2,62,0,0,0,0,0,0,0,0,0,0,127,0,0,0,0,947,0,0,0,2493,603,-11,2678,138,52,0,-5,0,0,0,0,0,0,0
Serkan_Bayram,adalet_ve_kalkınma_partisi,10150.0,0,0,0,0,0,0,0,0,0,0,0,0,0,0,0,0,0,0,0,0,0,0,0,0,0,0,0,0,0,0,0,0,0,0,0,0,0,0,0,0,0,0,0,2632,234,0,0,43,0,0,0,0,0,0,0,29,0,0,-42,136,84,-1,0,0,8,0,55,0,0,0,0,0,0,0,13,27,0,0,0,0,0,0,0,0,0,0,0,252,0,0,0,0,0,4,0,0,59,0,0,0,0,0,23,0,0,0,0,0,-1,0,0,1399,0,0,0,0,0,0,-37,265,0,0,0,0,310,79,0,4395,0,0,0,0,25,-1,0,-4,164,0,0,0,0,0,0,0
Haluk_Koç,cumhuriyet_halk_partisi,10142.0,0,0,0,0,-716,10,-2,0,0,0,0,0,0,-5,56,0,0,0,0,0,0,0,0,-10,0,0,0,0,0,137,0,0,62,0,394,23,147,0,1268,0,0,-10,2013,26,0,11,0,0,-32,-1,28,0,-51,0,20,0,4,0,-45,47,-3,0,-1,0,0,52,0,0,0,0,41,0,0,0,26,0,0,0,0,0,0,0,0,0,3,0,0,324,0,104,0,2,-179,1763,17,-14,0,68,23,0,0,0,0,0,0,0,0,0,-2,-291,0,74,208,204,0,0,0,0,0,0,0,0,17,0,372,0,37,0,-157,0,741,-13,17,0,0,0,-26,0,0,0,0,0,0,0
Harun_Özgür_Yıldızlı,cumhuriyet_halk_partisi,10122.0,0,0,0,0,0,0,0,0,0,0,0,0,0,0,0,0,0,0,0,0,0,0,0,0,0,0,0,0,0,0,0,0,0,0,0,0,0,0,0,0,0,0,0,0,0,0,0,0,0,0,0,0,0,0,0,0,0,0,0,0,0,0,0,0,0,0,0,0,0,0,0,0,0,0,0,0,0,0,0,0,0,0,0,0,0,0,0,0,0,0,0,0,0,0,0,0,0,0,0,0,0,0,0,0,0,0,0,0,0,0,0,0,0,0,0,0,0,0,0,0,0,0,0,0,0,6606,2579,0,0,0,0,648,0,0,0,0,289,0,0,0,0,0,0,0
Atila_Sertel,cumhuriyet_halk_partisi,10055.0,0,0,0,0,0,0,0,0,0,0,0,0,0,0,0,0,0,0,0,0,0,0,0,0,0,0,0,0,0,0,0,0,0,0,0,0,0,0,0,0,0,0,0,0,0,0,0,0,0,0,0,0,0,0,0,0,8047,9,0,112,0,0,0,0,0,0,-54,0,0,0,0,0,59,0,13,0,0,0,0,0,0,0,0,0,0,0,70,11,0,9,0,0,207,0,0,171,0,0,62,0,-2,0,0,0,0,0,0,-127,-3,0,0,-18,1168,0,0,197,0,0,0,0,0,0,0,0,0,25,104,0,0,0,0,0,0,0,-82,0,77,0,0,0,0,0,0,0
Bülent_Kuşoğlu,cumhuriyet_halk_partisi,9994.0,0,0,0,0,0,0,0,0,0,0,0,0,0,0,0,0,0,94,0,0,0,0,0,0,0,0,0,0,0,87,0,0,0,0,52,0,0,0,0,0,0,0,0,25,0,0,11,0,0,5,0,1,-51,0,20,0,0,0,-86,0,0,0,0,0,0,52,0,-10,0,0,0,0,0,0,13,0,0,0,0,0,0,0,0,0,0,0,0,73,0,0,0,54,0,0,0,0,0,0,74,0,-62,0,106,2670,0,0,0,0,-1,44,272,286,-602,272,0,0,0,0,0,0,0,0,0,0,-1537,2081,38,0,0,0,129,53,5,0,0,0,4461,0,0,0,0,0,0,0
Mustafa_Savaş,adalet_ve_kalkınma_partisi,9984.0,0,0,0,0,0,0,0,0,0,0,0,0,0,0,0,0,0,0,0,0,0,0,0,0,0,0,0,0,0,0,0,0,0,0,0,0,0,0,0,0,5686,0,-14,273,-199,0,0,1,-32,-1,0,0,0,0,0,0,0,9,0,90,0,0,-28,0,8,52,49,0,0,0,0,0,0,0,13,0,0,0,0,0,0,0,0,49,0,0,0,0,-4,-5,0,0,0,2226,0,9,0,0,0,0,0,0,0,0,0,0,0,0,-1,0,0,0,0,0,0,0,0,0,0,0,0,35,0,-929,52,2042,0,0,0,0,0,0,305,191,0,25,82,0,0,0,0,0,0,0
Lütfü_Türkkan,i̇yi̇_parti,9949.0,0,0,0,0,0,0,0,0,0,0,0,0,0,0,0,0,0,0,0,0,0,0,0,0,0,0,0,0,0,0,0,0,0,0,0,0,0,0,0,0,0,0,0,0,0,0,0,0,0,0,0,0,0,0,0,0,0,0,0,0,0,0,0,3223,8,108,370,28,0,0,0,0,-44,0,26,0,0,0,0,0,0,0,0,0,0,0,36,0,0,0,0,0,0,439,0,77,0,0,0,99,0,-99,85,0,0,0,2766,1136,-3,0,0,0,82,0,0,0,0,0,0,0,0,13,0,0,53,0,101,0,0,2192,215,-1325,5,0,0,363,-5,0,0,0,0,0,0,0
Selin_Sayek_Böke,cumhuriyet_halk_partisi,9900.0,0,0,0,0,0,0,0,0,0,0,0,0,0,0,0,0,0,0,0,0,0,0,0,0,0,0,0,0,0,0,0,0,466,1073,143,0,64,2184,248,50,-42,177,-4,46,97,42,0,58,0,0,0,-7,150,0,20,0,0,29,-45,47,0,0,1,0,0,52,60,-1,0,0,0,0,5,0,26,0,46,0,341,0,2,0,0,0,0,88,16,4,0,-4,134,1026,0,0,0,-1,0,68,-179,4,0,0,0,0,37,0,0,0,198,18,0,792,0,0,0,0,0,47,0,822,31,0,7,1,62,210,14,-7,0,14,1154,6,17,0,0,0,-7,0,0,0,0,0,0,0
Mehmet_Fatih_Kacır,bağımsız,9845.0,0,0,0,0,0,0,0,0,0,0,0,0,0,0,0,0,0,0,0,0,0,0,0,0,0,0,0,0,0,0,0,0,0,0,0,0,0,0,0,0,0,0,0,0,0,0,0,0,0,0,0,0,0,0,0,0,0,0,0,0,0,0,0,0,0,0,0,0,0,0,0,0,0,0,0,0,0,0,0,0,0,0,0,0,0,0,0,0,0,0,0,0,0,0,0,0,0,0,0,0,0,0,0,0,0,0,0,0,0,0,0,0,0,0,0,0,0,0,0,0,0,0,0,0,0,9357,0,0,0,0,337,0,-33,140,53,-1,-8,0,0,0,0,0,0,0
Fahrettin_Koca,bağımsız,9839.0,0,0,0,0,0,0,0,0,0,0,0,0,0,0,0,0,0,0,0,0,0,0,0,0,0,0,0,0,0,0,0,0,0,0,0,0,0,0,0,0,0,0,0,0,0,0,0,0,0,0,0,0,0,0,0,0,0,0,0,0,0,0,0,0,0,0,2155,-1,0,0,0,0,0,81,13,0,0,2140,23,0,-2,78,11,0,-1,39,-62,1282,36,185,430,1087,41,-21,-172,0,0,-31,33,11,-74,12,23,0,-12,0,0,0,-1,0,646,0,-6,198,0,0,0,0,0,0,240,265,0,-95,0,827,189,127,8,30,0,0,5,21,86,0,-5,0,0,0,0,0,0,0
